{"train_loss": [0.37880098819732666, 0.14346235990524292, 0.15534792840480804, 0.10109227895736694, 0.10049067437648773, 0.08945954591035843, 0.0841732770204544, 0.08977209776639938, 0.08650759607553482, 0.08269745111465454, 0.07266455888748169, 0.07482119649648666, 0.07335768640041351, 0.06978476792573929, 0.06806381791830063, 0.06769537925720215, 0.06616637110710144, 0.06644852459430695, 0.0644909217953682, 0.06548390537500381, 0.06216161698102951, 0.06188712641596794, 0.061018455773591995, 0.06210093945264816, 0.059295713901519775, 0.062035515904426575, 0.05922151356935501, 0.0582016259431839, 0.05888595059514046, 0.060541845858097076, 0.0572320781648159, 0.05833480507135391, 0.05761049687862396, 0.055745307356119156, 0.05608460307121277, 0.05567324534058571, 0.0560399666428566, 0.05713916942477226, 0.05670744180679321, 0.05585860088467598, 0.055688612163066864, 0.05520131066441536, 0.053966622799634933, 0.054557401686906815, 0.05367210507392883, 0.054119788110256195, 0.0536721795797348, 0.054150354117155075, 0.05352554842829704, 0.05395665392279625, 0.053214091807603836, 0.05289962887763977, 0.05235053598880768, 0.05253563076257706, 0.05269763618707657, 0.05227562412619591, 0.05272500589489937, 0.052003491669893265, 0.052409615367650986, 0.052040889859199524, 0.05209146812558174, 0.052469052374362946, 0.052476365119218826, 0.05202949792146683, 0.05245888978242874, 0.05151914060115814, 0.051546305418014526, 0.051750726997852325, 0.05188503488898277, 0.051118504256010056, 0.0517590269446373, 0.05133998021483421, 0.05160185322165489, 0.051512643694877625, 0.05208172649145126, 0.051406338810920715, 0.051918063312768936], "val_loss": [0.2325003296136856, 0.1470932513475418, 0.1243654265999794, 0.11403337866067886, 0.09875118732452393, 0.0788056030869484, 0.07497440278530121, 0.06949543207883835, 0.06864799559116364, 0.06821481883525848, 0.06982220709323883, 0.07015552371740341, 0.0683891698718071, 0.06823740899562836, 0.06992363929748535, 0.06701517850160599, 0.06656013429164886, 0.06557576358318329, 0.06536994874477386, 0.06748372316360474, 0.06875631213188171, 0.06857246160507202, 0.07049129903316498, 0.06743066757917404, 0.06989359855651855, 0.06863629072904587, 0.06575998663902283, 0.06613432615995407, 0.06489783525466919, 0.06503722816705704, 0.06592679023742676, 0.06603457778692245, 0.06671925634145737, 0.06540760397911072, 0.06368827819824219, 0.0651690885424614, 0.0638837143778801, 0.0643092468380928, 0.0632355660200119, 0.061520736664533615, 0.0631137415766716, 0.06151799112558365, 0.061191488057374954, 0.06247415766119957, 0.06025753542780876, 0.060812946408987045, 0.060787051916122437, 0.05972250550985336, 0.059083521366119385, 0.0613410510122776, 0.0583244226872921, 0.059086188673973083, 0.05841488763689995, 0.05956394597887993, 0.05923415720462799, 0.05767538398504257, 0.059159744530916214, 0.05678217485547066, 0.05904761329293251, 0.058211732655763626, 0.0591791495680809, 0.05742515251040459, 0.05802356079220772, 0.057506073266267776, 0.05845141410827637, 0.05809528008103371, 0.05672786012291908, 0.057321108877658844, 0.057222526520490646, 0.057623930275440216, 0.057570524513721466, 0.05792606249451637, 0.057463906705379486, 0.05861205980181694, 0.05779079720377922, 0.056995611637830734, 0.0584237203001976], "precision": [0.6777777671813965, 0.7888888835906982, 0.8222222328186035, 0.8, 0.7777777671813965, 0.611111068725586, 0.6444444179534912, 0.6888888835906982, 0.47777786254882815, 0.6666666507720947, 0.7222222328186035, 0.6888888835906982, 0.866666603088379, 0.5666667461395264, 0.5666666984558105, 0.755555534362793, 0.6222222805023193, 0.644444465637207, 0.7333333015441894, 0.8333333015441895, 0.7, 0.6888888835906982, 0.8, 0.8222222328186035, 0.7333333492279053, 0.744444465637207, 0.7666666030883789, 0.844444465637207, 0.644444465637207, 0.7333333015441894, 0.7444445133209229, 0.8333333015441895, 0.7444444179534913, 0.9222222328186035, 0.7888888359069824, 0.7, 0.8333333015441895, 0.9, 0.7888888835906982, 0.7888888359069824, 0.8111110687255859, 0.6333333492279053, 0.7888888359069824, 0.8777777671813964, 0.7666666507720947, 0.7666666507720947, 0.8888888359069824, 0.8777777671813964, 0.7888888835906982, 0.8, 0.888888931274414, 0.7111110687255859, 0.8, 0.8222222328186035, 0.8888888359069824, 0.8777777671813964, 0.855555534362793, 0.8999999046325684, 0.8222222328186035, 0.8777777671813964, 0.8333333015441895, 0.8333333015441895, 0.855555534362793, 0.866666603088379, 0.8111110687255859, 0.7777777194976807, 0.8111110687255859, 0.7222222328186035, 0.9111111640930176, 0.855555534362793, 0.7888888835906982, 0.8333333015441895, 0.7999999523162842, 0.7666666030883789, 0.844444465637207, 0.888888931274414, 0.8222222328186035], "ndcg": [0.7280870278680854, 0.7580652490718929, 0.8229448517473936, 0.7714028202029819, 0.7511779356614564, 0.6263816658470233, 0.651354762442995, 0.7126888039650171, 0.49133471108986965, 0.6693275691727605, 0.7024389061318351, 0.6872828495968005, 0.8885137000088367, 0.5303416034407812, 0.5520047994791224, 0.7725077645732281, 0.6079063159138646, 0.6833728042529942, 0.7493699975253276, 0.8659212424492582, 0.6627089224848229, 0.6912162458569178, 0.7834127999123475, 0.8126107331935847, 0.7778677706350211, 0.7458994216738902, 0.7630447663827405, 0.8540943968925335, 0.6626995296443293, 0.7444886065369553, 0.7529807838225692, 0.8230637577616872, 0.7286237840994217, 0.9228016607801368, 0.7964438181151476, 0.7451646286826494, 0.8258493384186907, 0.9240918907357627, 0.7825595731725363, 0.7522446789820973, 0.8252279941489425, 0.6146661700530218, 0.8014022933643308, 0.8789840074034474, 0.7606803418028418, 0.7714324679956014, 0.8773354851858638, 0.868006243142964, 0.7646817968010609, 0.7390085925075148, 0.909616001789992, 0.7328669866739207, 0.7943474830440863, 0.847363350962488, 0.8883152434571782, 0.8531628265166499, 0.8625313190885397, 0.8736552758273204, 0.8256422236621079, 0.860759745413093, 0.8775628024206032, 0.8261588823632261, 0.8546693541734751, 0.8819386067153667, 0.8392286788292932, 0.7722907847104287, 0.8396158842483009, 0.7900849700489079, 0.9181993788341417, 0.8719930054297964, 0.7992866478725899, 0.8586167085094097, 0.803153664561621, 0.781877568994349, 0.8792164146132029, 0.8778185605466696, 0.8655417507037284]}